B2,B3,B4,B8,B11,B12,NDVI,NDWI,NDBI,BSI,class,year,label,random
0.0227,0.044,0.0256,0.312,0.1311,0.0568,0.8483412,-0.752809,-0.40826,-0.3622304,1,2024,vegetasi,0.3991902522220948
0.0212,0.0439,0.0208,0.3828,0.1603,0.0679,0.89692765,-0.7942348,-0.40968516,-0.38096052,1,2024,vegetasi,0.3701697197297842
0.0171,0.03795,0.0149,0.3282,0.1363,0.0572,0.9131449,-0.7927079,-0.41313243,-0.39093658,1,2024,vegetasi,0.4269061299537723
0.0281,0.0607,0.0255,0.3912,0.1906,0.0856,0.8776098,-0.7313565,-0.34479204,-0.3197986,1,2024,vegetasi,0.7886676576424038
0.0235,0.0461,0.0193,0.3604,0.137,0.0596,0.89834076,-0.77318573,-0.4491355,-0.42132545,1,2024,vegetasi,0.7974646867235414
0.0276,0.05555,0.02835,0.3732,0.13735,0.0592,0.8587972,-0.74087465,-0.4619528,-0.41500443,1,2024,vegetasi,0.21865095701296733
0.0214,0.03965,0.01775,0.39,0.152,0.0603,0.91293687,-0.8154312,-0.4391144,-0.41581348,1,2024,vegetasi,0.8252938929047976
0.02375,0.0515,0.0208,0.3944,0.15785,0.06735,0.89980733,-0.7690065,-0.42833862,-0.401307,1,2024,vegetasi,0.7685920215866826
0.02245,0.0447,0.0192,0.3548,0.12645,0.05045,0.8973262,-0.77622026,-0.47449347,-0.4429145,1,2024,vegetasi,0.24039769363437835
0.0309,0.0714,0.0284,0.4164,0.1807,0.08,0.8723022,-0.70725703,-0.39474124,-0.36288846,1,2024,vegetasi,0.6140215136994391
0.0327,0.0577,0.0264,0.3612,0.1749,0.0811,0.8637771,-0.7245166,-0.3475098,-0.32358873,1,2024,vegetasi,0.8226499343194648
0.0256,0.0443,0.0204,0.3708,0.1496,0.0621,0.8957055,-0.78655744,-0.42505765,-0.3997175,1,2024,vegetasi,0.5836849094356373
0.0238,0.051,0.0195,0.3894,0.14495,0.06045,0.90462214,-0.7683924,-0.4574717,-0.43062407,1,2024,vegetasi,0.6514722894609637
0.044,0.0778,0.0385,0.506,0.1952,0.0835,0.85858583,-0.7334704,-0.44324017,-0.4035983,1,2024,vegetasi,0.49048948071767007
0.0235,0.0416,0.0183,0.3246,0.1185,0.0478,0.89326334,-0.77280176,-0.46513203,-0.43575996,1,2024,vegetasi,0.21318504209404943
0.0328,0.0565,0.0252,0.415,0.17595,0.07615,0.8855066,-0.7603393,-0.40451813,-0.38007548,1,2024,vegetasi,0.7592348917599324
0.0234,0.0484,0.0183,0.428,0.1692,0.0682,0.91799235,-0.79680943,-0.43335566,-0.4130537,1,2024,vegetasi,0.3798284044933634
0.0236,0.0412,0.021,0.3376,0.1513,0.0631,0.8828779,-0.78247094,-0.38105953,-0.35407686,1,2024,vegetasi,0.11309682905893881
0.0268,0.0483,0.0188,0.4076,0.1561,0.0648,0.9118199,-0.7881114,-0.44615927,-0.42589855,1,2024,vegetasi,0.7402811383292198
0.0237,0.0404,0.02,0.3632,0.1582,0.0638,0.8956159,-0.79980177,-0.39317226,-0.36931518,1,2024,vegetasi,0.0486256665010828
0.02205,0.04275,0.0179,0.4064,0.16875,0.07175,0.91562575,-0.8096404,-0.41319653,-0.3931068,1,2024,vegetasi,0.43816967908682414
0.0254,0.0436,0.0178,0.314,0.1353,0.0516,0.89270645,-0.75615215,-0.39772984,-0.37827414,1,2024,vegetasi,0.2462783173645463
0.0274,0.046,0.0211,0.327,0.14955,0.0628,0.8787705,-0.7533512,-0.37236384,-0.34996665,1,2024,vegetasi,0.12683897997087656
0.02695,0.0561,0.0201,0.3966,0.16245,0.06575,0.90352774,-0.75215375,-0.41883552,-0.39762416,1,2024,vegetasi,0.18544138240704733
0.0234,0.0465,0.0184,0.3135,0.13755,0.05765,0.8891232,-0.7416667,-0.39008978,-0.36715025,1,2024,vegetasi,0.8290645588270346
0.026,0.0447,0.0202,0.3596,0.1522,0.0707,0.89362824,-0.7788771,-0.40523642,-0.38207886,1,2024,vegetasi,0.5502919805547055
0.0222,0.0446,0.0189,0.354,0.1406,0.0573,0.89863235,-0.77621675,-0.43145978,-0.40451747,1,2024,vegetasi,0.17907772597118277
0.02945,0.0525,0.0218,0.4684,0.1822,0.07685,0.9110567,-0.7984258,-0.43990162,-0.4186792,1,2024,vegetasi,0.7984446416569996
0.0241,0.0493,0.0221,0.3496,0.1406,0.0621,0.8810869,-0.75282025,-0.42635658,-0.39336315,1,2024,vegetasi,0.2030263756539813
0.02435,0.0524,0.0234,0.331,0.13515,0.05285,0.86794585,-0.72665626,-0.42014372,-0.38295388,1,2024,vegetasi,0.2578781934246853
0.0322,0.0507,0.0244,0.4384,0.1725,0.0706,0.8945549,-0.79268044,-0.43525946,-0.41003746,1,2024,vegetasi,0.448479250983535
0.0393,0.0636,0.035,0.356,0.1778,0.0745,0.82097185,-0.6968541,-0.3338329,-0.3001151,1,2024,vegetasi,0.9446003012807412
0.0322,0.0525,0.026,0.3528,0.1351,0.0529,0.8627244,-0.74093264,-0.446198,-0.40999815,1,2024,vegetasi,0.7667041350847957
0.0243,0.0464,0.0188,0.3642,0.1741,0.07465,0.9018277,-0.77398926,-0.35314882,-0.3364293,1,2024,vegetasi,0.5641919051008777
0.0247,0.04645,0.0186,0.3672,0.1575,0.06555,0.90357697,-0.775414,-0.39965692,-0.37992957,1,2024,vegetasi,0.6490063279022803
0.02085,0.0413,0.01815,0.3624,0.14075,0.0542,0.90461177,-0.79539263,-0.44052467,-0.41381535,1,2024,vegetasi,0.8661129485042727
0.0357,0.0594,0.0282,0.4476,0.1797,0.074,0.8814628,-0.7656805,-0.42706838,-0.3984375,1,2024,vegetasi,0.2711229424062469
0.0366,0.0609,0.034,0.4444,0.1966,0.0882,0.85785955,-0.75895506,-0.38658348,-0.35188308,1,2024,vegetasi,0.7827841337825102
0.02285,0.0441,0.01865,0.3418,0.1586,0.0679,0.89651823,-0.77144337,-0.3661071,-0.34582025,1,2024,vegetasi,0.9144163821122496
0.0352,0.06925,0.0328,0.4528,0.16985,0.07435,0.8649094,-0.7346997,-0.45442864,-0.41316152,1,2024,vegetasi,0.19691520398116913
0.02635,0.04465,0.02175,0.333,0.1653,0.0676,0.87737846,-0.76353765,-0.33654428,-0.31533676,1,2024,vegetasi,0.7259287920031092
0.03375,0.05585,0.0297,0.3588,0.1534,0.06395,0.84710425,-0.73061615,-0.40101522,-0.36384955,1,2024,vegetasi,0.29335630445059235
0.0279,0.05295,0.0279,0.3726,0.1541,0.06775,0.86067414,-0.7511456,-0.41484714,-0.3751073,1,2024,vegetasi,0.17282070912573888
0.0258,0.0454,0.0222,0.2896,0.1191,0.0529,0.85760105,-0.7289552,-0.41717646,-0.38121307,1,2024,vegetasi,0.5885409516962609
0.0263,0.0494,0.0202,0.402,0.1703,0.0704,0.90431076,-0.78112537,-0.40485758,-0.3842922,1,2024,vegetasi,0.2849797852229059
0.0318,0.0591,0.0235,0.3672,0.1402,0.0611,0.8797031,-0.72273046,-0.44737875,-0.4181624,1,2024,vegetasi,0.144024364551962
0.0254,0.0444,0.0229,0.2584,0.132,0.0538,0.8371845,-0.7067371,-0.3237705,-0.29382265,1,2024,vegetasi,0.26347385329200035
0.02465,0.0519,0.02255,0.3015,0.1275,0.05285,0.8608239,-0.70628184,-0.4055944,-0.3698026,1,2024,vegetasi,0.7974754028997474
0.0254,0.0407,0.0224,0.3009,0.14015,0.06595,0.86142904,-0.76170963,-0.36447117,-0.33496985,1,2024,vegetasi,0.025473679844956743
0.0245,0.0512,0.0187,0.4212,0.1648,0.0661,0.91498065,-0.78323454,-0.43754265,-0.41671965,1,2024,vegetasi,0.7121798234906559
0.0164,0.04345,0.01575,0.38,0.154,0.0679,0.9204043,-0.79478097,-0.42322096,-0.4003356,1,2024,vegetasi,0.9411803315103452
0.01885,0.0351,0.01485,0.3192,0.1422,0.0626,0.91109115,-0.80186284,-0.3836151,-0.36558273,1,2024,vegetasi,0.6369940401464937
0.02065,0.0391,0.01785,0.3264,0.1483,0.06365,0.8962963,-0.7860465,-0.37518433,-0.35249415,1,2024,vegetasi,0.5450329716607766
0.0375,0.0562,0.0317,0.3912,0.1611,0.0749,0.85008276,-0.74877065,-0.41662142,-0.37956557,1,2024,vegetasi,0.5488523116328172
0.0243,0.0433,0.0199,0.2912,0.1311,0.0543,0.87206686,-0.74110615,-0.3791144,-0.35262597,1,2024,vegetasi,0.7212829157932634
0.0318,0.0518,0.026,0.3156,0.1641,0.0731,0.84777516,-0.71801853,-0.3158224,-0.29265115,1,2024,vegetasi,0.7298425570969498
0.0279,0.0499,0.0196,0.344,0.1379,0.0593,0.8921892,-0.7466362,-0.42768213,-0.4049868,1,2024,vegetasi,0.573784232738455
0.0251,0.0552,0.01625,0.4264,0.15025,0.0644,0.9265786,-0.7707641,-0.47888666,-0.46116504,1,2024,vegetasi,0.8604885582889998
0.02625,0.05105,0.02105,0.4048,0.15765,0.06835,0.9011389,-0.7760228,-0.43941686,-0.41385815,1,2024,vegetasi,0.8883094668930518
0.0296,0.04335,0.0204,0.3047,0.15295,0.0596,0.87450016,-0.7508978,-0.33158523,-0.31704912,1,2024,vegetasi,0.7237640762428618
0.03275,0.05165,0.0273,0.327,0.16005,0.06905,0.8458933,-0.7271887,-0.34277794,-0.31511605,1,2024,vegetasi,0.817002572843011
0.042,0.0681,0.0289,0.4204,0.1953,0.0963,0.8713554,-0.7211873,-0.36560014,-0.3469269,1,2024,vegetasi,0.7054590213090395
0.0267,0.0475,0.0208,0.2888,0.1205,0.0488,0.8656331,-0.71751416,-0.41118985,-0.38134852,1,2024,vegetasi,0.15627830283158017
0.0282,0.0534,0.0244,0.3816,0.1562,0.0663,0.87980294,-0.75448275,-0.4191149,-0.38821137,1,2024,vegetasi,0.2828247260150606
0.0266,0.0465,0.0238,0.3128,0.1726,0.0768,0.85858583,-0.7411634,-0.28883395,-0.26689062,1,2024,vegetasi,0.9969323304391593
0.0385,0.069,0.0341,0.3716,0.1798,0.0725,0.8318955,-0.68679076,-0.34784186,-0.31442308,1,2024,vegetasi,0.823766033371167
0.0281,0.0444,0.0234,0.3808,0.1708,0.0729,0.8842157,-0.7911571,-0.38071066,-0.35599405,1,2024,vegetasi,0.4994127914144869
0.0255,0.0382,0.0234,0.3272,0.179,0.0799,0.86651456,-0.79091406,-0.29276964,-0.270762,1,2024,vegetasi,0.795816281846403
0.0372,0.0659,0.0298,0.4444,0.1661,0.0738,0.87431467,-0.74172056,-0.45585588,-0.42169744,1,2024,vegetasi,0.15749340288070446
0.02645,0.05205,0.02,0.3252,0.13205,0.05655,0.8841252,-0.72405565,-0.42241663,-0.39626762,1,2024,vegetasi,0.49454408887783774
0.0291,0.05575,0.02355,0.3464,0.14425,0.05865,0.8726855,-0.72274023,-0.41200447,-0.38229337,1,2024,vegetasi,0.008198301111935424
0.0259,0.04735,0.02155,0.3414,0.1401,0.06285,0.88125086,-0.75639874,-0.41806853,-0.38878912,1,2024,vegetasi,0.4548117427664915
0.0223,0.0384,0.01855,0.327,0.15665,0.06685,0.8926349,-0.78981936,-0.3522175,-0.33193514,1,2024,vegetasi,0.031182929161555184
0.0395,0.08165,0.0373,0.361,0.21075,0.0927,0.81270397,-0.6310855,-0.2627897,-0.23506284,1,2024,vegetasi,0.4087633779787687
0.0369,0.06975,0.03435,0.3908,0.1821,0.0786,0.83840996,-0.6971013,-0.36428696,-0.32795158,1,2024,vegetasi,0.2023158134435028
0.0206,0.0393,0.0176,0.2842,0.1142,0.0469,0.88336647,-0.75703245,-0.42670682,-0.39624372,1,2024,vegetasi,0.5059102351481871
0.0348,0.0646,0.0255,0.4112,0.1961,0.0794,0.883215,-0.72845733,-0.35419068,-0.33612943,1,2024,vegetasi,0.3161799351917094
0.0308,0.0556,0.0274,0.2978,0.1382,0.0564,0.8314883,-0.6853424,-0.36605504,-0.329826,1,2024,vegetasi,0.555826333796746
0.0303,0.0465,0.0259,0.2824,0.13695,0.0587,0.83198184,-0.71723926,-0.3468463,-0.31510884,1,2024,vegetasi,0.8634340407083154
0.0414,0.0662,0.0296,0.3868,0.1587,0.0655,0.85782903,-0.70772624,-0.41814846,-0.38913217,1,2024,vegetasi,0.6421269737633069
0.0255,0.0412,0.02,0.2962,0.1449,0.056,0.8734978,-0.7557795,-0.34300616,-0.32223594,1,2024,vegetasi,0.5049565781030695
0.0233,0.0502,0.02,0.3608,0.1588,0.0629,0.89495796,-0.75571775,-0.38876057,-0.3647184,1,2024,vegetasi,0.9882912009151725
0.0301,0.05745,0.02345,0.3698,0.17435,0.07295,0.8807374,-0.7310708,-0.35918406,-0.33812952,1,2024,vegetasi,0.18520014846844457
0.0861,0.1217,0.1231,0.3374,0.26885,0.17,0.46536374,-0.46983227,-0.11307215,-0.038690284,1,2024,vegetasi,0.15771864844392802
0.0263,0.04885,0.02085,0.3098,0.14815,0.06135,0.87388474,-0.72758955,-0.35298613,-0.3308256,1,2024,vegetasi,0.6619955033148595
0.0281,0.0456,0.0216,0.2798,0.1522,0.0636,0.8566689,-0.71972954,-0.29537037,-0.27838904,1,2024,vegetasi,0.12975472719075865
0.024,0.0475,0.0232,0.2802,0.1181,0.0496,0.8470666,-0.7101007,-0.40697965,-0.36565655,1,2024,vegetasi,0.08412973041672189
0.0369,0.0652,0.0331,0.3872,0.1498,0.0643,0.8424935,-0.7117595,-0.44208565,-0.39736408,1,2024,vegetasi,0.297141426720119
0.0248,0.04665,0.0223,0.3556,0.1542,0.06365,0.88197935,-0.76805466,-0.39505687,-0.36613396,1,2024,vegetasi,0.8005456226870373
0.0332,0.058,0.0264,0.4428,0.1838,0.0749,0.88746804,-0.7683706,-0.41334185,-0.38735062,1,2024,vegetasi,0.9666209247001442
0.02735,0.0542,0.0228,0.3178,0.13425,0.05835,0.8661186,-0.70860213,-0.40603915,-0.37455195,1,2024,vegetasi,0.6501849105861852
0.0338,0.0576,0.0265,0.3924,0.1549,0.0645,0.8734782,-0.744,-0.43394846,-0.40289664,1,2024,vegetasi,0.45472168983490313
0.0483,0.0767,0.0522,0.304,0.2264,0.1189,0.7069062,-0.59705806,-0.14630465,-0.11681723,1,2024,vegetasi,0.7767564444191963
0.0272,0.054,0.0255,0.3824,0.1501,0.0608,0.87496936,-0.7525206,-0.43624416,-0.39986333,1,2024,vegetasi,0.2027715301416284
0.0228,0.0403,0.0202,0.2684,0.1452,0.0649,0.86001384,-0.7389051,-0.29787236,-0.2755147,1,2024,vegetasi,0.5426833096708369
0.0331,0.0693,0.03045,0.3548,0.183,0.0773,0.84192085,-0.67319024,-0.3194496,-0.29009727,1,2024,vegetasi,0.4516579869140571
0.02475,0.04395,0.0173,0.3348,0.14165,0.05935,0.90173244,-0.7679208,-0.40539405,-0.38688523,1,2024,vegetasi,0.8022241249614904
0.033,0.0402,0.0198,0.3104,0.1447,0.0579,0.8800727,-0.7706789,-0.3640958,-0.3522347,1,2024,vegetasi,0.8343085447761457
0.03355,0.059,0.0299,0.3294,0.2033,0.09205,0.8335653,-0.6961895,-0.23671861,-0.21764657,1,2024,vegetasi,0.5858157413381038
0.0273,0.0542,0.0195,0.424,0.1906,0.0796,0.9120631,-0.7733166,-0.3797592,-0.36468098,1,2024,vegetasi,0.9201445797041065
0.2802,0.2758,0.3086,0.3062,0.2981,0.2491,-0.003903726,-0.052233692,-0.013403944,0.017014502,0,2024,non_vegetasi,0.745333147828915
0.0905,0.1026,0.113,0.2008,0.2188,0.1745,0.27979606,-0.32366514,0.04289798,0.06499758,0,2024,non_vegetasi,0.8797069794045925
0.1911,0.1888,0.2604,0.2525,0.29175,0.2537,-0.015402612,-0.14434622,0.07211762,0.10901332,0,2024,non_vegetasi,0.11578538676326022
0.0954,0.1092,0.1197,0.1843,0.20235,0.153,0.21250002,-0.25587735,0.046683047,0.070378065,0,2024,non_vegetasi,0.5567477287930984
0.0534,0.0703,0.0592,0.2752,0.1972,0.1264,0.64593303,-0.5930536,-0.16511433,-0.123418815,0,2024,non_vegetasi,0.3342342027321018
0.0761,0.0847,0.0872,0.213,0.1832,0.1314,0.41905397,-0.43097076,-0.075214535,-0.033422694,0,2024,non_vegetasi,0.1942074441101691
0.1153,0.1236,0.1222,0.1862,0.2446,0.2003,0.20752269,-0.20206584,0.13556176,0.09771062,0,2024,non_vegetasi,0.9302703344652702
0.3057,0.2905,0.2939,0.3283,0.27625,0.23175,0.055287667,-0.061085995,-0.086097084,-0.053024944,0,2024,non_vegetasi,0.7889218658359434
0.2377,0.2395,0.2697,0.3624,0.2827,0.2393,0.14665402,-0.20418674,-0.12354673,-0.04138829,0,2024,non_vegetasi,0.4685046334398878
0.118,0.1384,0.166,0.2244,0.2452,0.2012,0.14959018,-0.23704518,0.044293005,0.0912951,0,2024,non_vegetasi,0.33646349164758427
0.0531,0.0614,0.0916,0.1352,0.2015,0.1686,0.19223984,-0.37538147,0.19691122,0.2176984,0,2024,non_vegetasi,0.8095868254701343
0.2311,0.2481,0.2661,0.2587,0.44245,0.4703,-0.014100565,-0.020915579,0.26206943,0.18254264,0,2024,non_vegetasi,0.3971069955199322
0.1301,0.1826,0.2217,0.3242,0.3552,0.27105,0.18776333,-0.27940014,0.045628477,0.118890606,0,2024,non_vegetasi,0.5152977581583915
0.071,0.0902,0.0894,0.2314,0.2232,0.1759,0.44264337,-0.43905473,-0.018037846,0.016585356,0,2024,non_vegetasi,0.8336094909382153
0.0628,0.0946,0.1088,0.21,0.2605,0.1956,0.3174404,-0.3788575,0.10733267,0.15028815,0,2024,non_vegetasi,0.8590277385633737
0.0553,0.08125,0.1095,0.2527,0.2316,0.15175,0.3953617,-0.5134002,-0.043568034,0.05099368,0,2024,non_vegetasi,0.9812013023780514
0.0798,0.09625,0.2075,0.248,0.3846,0.3551,0.088913284,-0.44081336,0.21593426,0.28731385,0,2024,non_vegetasi,0.47400728631090716
0.0424,0.058,0.0496,0.2364,0.1939,0.1407,0.65314686,-0.60597825,-0.09876828,-0.067585655,0,2024,non_vegetasi,0.9372111699314423
0.0423,0.0696,0.0737,0.2498,0.20855,0.1414,0.54435855,-0.5641828,-0.0899967,-0.0171498,0,2024,non_vegetasi,0.1372865164541227
0.0637,0.0895,0.0987,0.2804,0.32765,0.22555,0.47929308,-0.51608545,0.077707425,0.1067558,0,2024,non_vegetasi,0.3795982588996677
0.0696,0.089,0.0672,0.2656,0.2249,0.1777,0.59615386,-0.49802592,-0.08297653,-0.068707146,0,2024,non_vegetasi,0.33549129200098504
0.0707,0.0913,0.08205,0.244,0.17495,0.1185,0.49670294,-0.45541304,-0.1648168,-0.10092705,0,2024,non_vegetasi,0.9051456411365665
0.1406,0.1428,0.1312,0.2178,0.2195,0.1804,0.24813755,-0.2079867,0.003887489,-0.01085883,0,2024,non_vegetasi,0.428231815558753
0.0251,0.0484,0.0221,0.3708,0.1492,0.079,0.8875032,-0.769084,-0.4261538,-0.39598024,0,2024,non_vegetasi,0.8934386916376255
0.07085,0.1169,0.0986,0.3442,0.32845,0.23645,0.5546522,-0.49295163,-0.023414839,0.014250101,0,2024,non_vegetasi,0.5618099486812861
0.199,0.1682,0.1864,0.2812,0.2419,0.1942,0.20273738,-0.25144637,-0.07512903,-0.057127133,0,2024,non_vegetasi,0.9030467578263937
0.0347,0.0374,0.0463,0.1004,0.1886,0.1389,0.3687798,-0.45718434,0.30519032,0.26972973,0,2024,non_vegetasi,0.9716091103306049
0.0345,0.0468,0.0344,0.237,0.1408,0.0816,0.7464996,-0.6701903,-0.2546321,-0.21558093,0,2024,non_vegetasi,0.012727986188896923
0.1975,0.2672,0.3036,0.3974,0.5514,0.4232,0.1338088,-0.19590731,0.1623103,0.1793917,0,2024,non_vegetasi,0.6917098028243304
0.0914,0.0958,0.0871,0.255,0.24495,0.20005,0.49079216,-0.45381984,-0.020102007,-0.02115115,0,2024,non_vegetasi,0.5998864176194882
0.0586,0.0672,0.0692,0.1998,0.1903,0.1357,0.48550186,-0.49662924,-0.024352722,0.0021239694,0,2024,non_vegetasi,0.1675693387223316
0.1007,0.1167,0.1128,0.2524,0.2197,0.1631,0.3822563,-0.36765105,-0.06926502,-0.030046694,0,2024,non_vegetasi,0.6221262528969496
0.0686,0.0613,0.089,0.1356,0.2989,0.2532,0.20747995,-0.37734893,0.37583432,0.31025165,0,2024,non_vegetasi,0.15301832704559426
0.03995,0.05355,0.0732,0.1741,0.21645,0.15985,0.40800646,-0.52954096,0.108436845,0.15008937,0,2024,non_vegetasi,0.12110127348700128
0.1291,0.1594,0.1845,0.2649,0.2608,0.22655,0.17890522,-0.24864483,-0.007799115,0.06112237,0,2024,non_vegetasi,0.46913186436363263
0.1524,0.1776,0.1838,0.312,0.3936,0.3437,0.258572,-0.27450982,0.115646236,0.108466096,0,2024,non_vegetasi,0.08158285430571888
0.128,0.1262,0.135,0.1986,0.2533,0.238,0.19064745,-0.22290637,0.12104452,0.0863058,0,2024,non_vegetasi,0.6479458095680284
0.0662,0.0894,0.098,0.2086,0.2234,0.1849,0.36073062,-0.4,0.034259252,0.07816168,0,2024,non_vegetasi,0.46381381148301604
0.14,0.1504,0.1516,0.2242,0.2317,0.1873,0.19318785,-0.19701014,0.016450994,0.025551854,0,2024,non_vegetasi,0.4784876870855037
0.096,0.1154,0.1144,0.1742,0.2312,0.1998,0.2072072,-0.20303866,0.14060187,0.12244234,0,2024,non_vegetasi,0.47031777386317997
0.198,0.1999,0.2197,0.2051,0.2506,0.2547,-0.0343691,-0.012839503,0.09984641,0.0769407,0,2024,non_vegetasi,0.3976511168839756
0.1929,0.1895,0.1908,0.2161,0.26835,0.27755,0.062177464,-0.06558186,0.10785426,0.057766505,0,2024,non_vegetasi,0.8843945185388294
0.1707,0.157,0.1483,0.2114,0.22195,0.20985,0.17542395,-0.14766558,0.0243452,-0.015750647,0,2024,non_vegetasi,0.4944139367556978
0.2308,0.2498,0.2633,0.2841,0.31815,0.29295,0.037997797,-0.06424424,0.056538012,0.060701434,0,2024,non_vegetasi,0.43182979523000675
0.0719,0.0938,0.09,0.2296,0.20365,0.1602,0.43679598,-0.4199134,-0.059896134,-0.01318995,0,2024,non_vegetasi,0.913074280755003
0.159,0.1818,0.2124,0.3948,0.3185,0.3229,0.30039525,-0.36940688,-0.106967606,-0.021111814,0,2024,non_vegetasi,0.41432348856114054
0.08615,0.1208,0.1792,0.229,0.2802,0.1824,0.12199904,-0.30931962,0.100549884,0.18623717,0,2024,non_vegetasi,0.9100807120661639
0.0966,0.1454,0.15,0.1814,0.1774,0.1429,0.09474953,-0.110159114,-0.011148294,0.08159893,0,2024,non_vegetasi,0.20034659599231763
0.06445,0.07205,0.1106,0.135,0.20285,0.19395,0.099348545,-0.30403286,0.20082875,0.22226553,0,2024,non_vegetasi,0.21937963886781975
0.133,0.1168,0.1371,0.179,0.281,0.27945,0.13255301,-0.21027721,0.2217391,0.14532253,0,2024,non_vegetasi,0.7290488519997557
0.0922,0.1126,0.1194,0.1468,0.1876,0.161,0.102930106,-0.1318427,0.12200958,0.12454213,0,2024,non_vegetasi,0.9825189906986682
0.1229,0.1344,0.1449,0.1423,0.20265,0.19305,-0.009052923,-0.028550778,0.1749529,0.13439412,0,2024,non_vegetasi,0.6043554823310543
0.06,0.07165,0.0888,0.1623,0.21425,0.17405,0.2927121,-0.38747597,0.13796307,0.15370704,0,2024,non_vegetasi,0.4652456904723241
0.0928,0.0908,0.1364,0.1884,0.2673,0.2441,0.16009852,-0.34957018,0.17314024,0.17885824,0,2024,non_vegetasi,0.15751723084450442
0.1174,0.1208,0.102,0.2106,0.2146,0.1667,0.34740883,-0.27097163,0.009407322,-0.017685397,0,2024,non_vegetasi,0.4255600845262294
0.04095,0.0641,0.05495,0.3008,0.1934,0.1267,0.6910752,-0.64867085,-0.21732093,-0.15827826,0,2024,non_vegetasi,0.660420979511148
0.02355,0.04465,0.01815,0.3506,0.14615,0.0646,0.90155935,-0.77406704,-0.41157526,-0.3897298,0,2024,non_vegetasi,0.7467661598392307
0.0507,0.0497,0.108,0.1262,0.2685,0.2248,0.077711366,-0.4349062,0.36052698,0.36067942,0,2024,non_vegetasi,0.6565413892603719
0.0835,0.096,0.092,0.1738,0.2269,0.1666,0.3077502,-0.28836176,0.13251807,0.10690731,0,2024,non_vegetasi,0.8539957153292581
0.0468,0.0772,0.075,0.32,0.2198,0.1359,0.62025315,-0.61127895,-0.1856243,-0.10882708,0,2024,non_vegetasi,0.6338779815041445
0.1502,0.1754,0.1682,0.231,0.2551,0.2031,0.15731464,-0.13681103,0.049578287,0.052330654,0,2024,non_vegetasi,0.20356864069448344
0.05945,0.0583,0.0731,0.1191,0.1916,0.1554,0.23933402,-0.3427283,0.23334406,0.19435984,0,2024,non_vegetasi,0.16580588165083587
0.0703,0.06665,0.1113,0.1462,0.24365,0.21715,0.13553399,-0.37373737,0.24996795,0.24227843,0,2024,non_vegetasi,0.6463188899566044
0.1025,0.1042,0.1109,0.1132,0.2098,0.1961,0.010263283,-0.04139836,0.29907122,0.19574945,0,2024,non_vegetasi,0.019689045013454032
0.1974,0.2032,0.1972,0.22,0.2951,0.2645,0.054650046,-0.039697547,0.14579694,0.08233484,0,2024,non_vegetasi,0.4838299165974619
0.0626,0.0768,0.0807,0.1262,0.2261,0.2199,0.219913,-0.24334975,0.28356513,0.23809522,0,2024,non_vegetasi,0.6168909603264757
0.0552,0.0696,0.078,0.1722,0.1931,0.1467,0.3764988,-0.4243176,0.05721328,0.08766302,0,2024,non_vegetasi,0.31063053293243437
0.1418,0.1452,0.16,0.199,0.4097,0.3724,0.10863511,-0.15630448,0.34614754,0.25140032,0,2024,non_vegetasi,0.6043697695483589
0.07815,0.0982,0.1815,0.2415,0.274,0.23885,0.14184397,-0.4218428,0.063045554,0.17525639,0,2024,non_vegetasi,0.6455069879789828
0.0726,0.0744,0.09405,0.1446,0.20795,0.1637,0.21181649,-0.32054797,0.17969081,0.16332819,0,2024,non_vegetasi,0.3646445955170655
0.1278,0.137,0.1422,0.2208,0.2538,0.2104,0.21652894,-0.23420908,0.06953225,0.063658334,0,2024,non_vegetasi,0.0029967243672635036
0.0884,0.1035,0.09315,0.1646,0.2013,0.1607,0.2772066,-0.22790003,0.10030062,0.07571467,0,2024,non_vegetasi,0.7178231837119058
0.1462,0.2142,0.2634,0.374,0.4196,0.2987,0.17351745,-0.2716763,0.05745967,0.13530584,0,2024,non_vegetasi,0.25026304853416004
0.11345,0.1276,0.1253,0.1624,0.1491,0.10235,0.12895377,-0.12000003,-0.042696632,-0.0026351563,0,2024,non_vegetasi,0.6738090243252641
0.1478,0.1398,0.1118,0.2468,0.1347,0.0842,0.37646404,-0.27677187,-0.2938401,-0.2310092,0,2024,non_vegetasi,0.09972204526873174
0.1096,0.1508,0.1398,0.3404,0.25095,0.1578,0.41774264,-0.38599348,-0.15126406,-0.0704728,0,2024,non_vegetasi,0.54857254512234
0.0706,0.0993,0.0904,0.3172,0.2743,0.1838,0.55642784,-0.5231693,-0.07252746,-0.030697668,0,2024,non_vegetasi,0.6826772294394002
0.30835,0.3053,0.2773,0.4618,0.33195,0.25615,0.24962793,-0.20401514,-0.16359055,-0.11664491,0,2024,non_vegetasi,0.30635825058361976
0.054,0.0839,0.0542,0.336,0.225,0.1319,0.7221937,-0.6003811,-0.19786097,-0.16557084,0,2024,non_vegetasi,0.04900634719880803
0.1252,0.1385,0.1282,0.1732,0.2896,0.2679,0.14930326,-0.111324966,0.25151256,0.16671322,0,2024,non_vegetasi,0.7165562989481745
0.0704,0.0789,0.085,0.177,0.2011,0.1665,0.35114503,-0.38335288,0.06373976,0.07253984,0,2024,non_vegetasi,0.8157921705564964
0.0786,0.0867,0.1174,0.2482,0.21275,0.14705,0.35776806,-0.4822335,-0.07690638,0.0050993296,0,2024,non_vegetasi,0.9869585781181965
0.07235,0.07145,0.08225,0.1167,0.19985,0.1698,0.1731591,-0.24049959,0.2626757,0.19749546,0,2024,non_vegetasi,0.7306258875649178
0.139,0.1457,0.1823,0.1831,0.32105,0.32825,0.0021893778,-0.113746986,0.27362886,0.2195772,0,2024,non_vegetasi,0.2622258814448054
0.1714,0.1678,0.167,0.1844,0.3121,0.3135,0.049516253,-0.047132347,0.25720036,0.14768234,0,2024,non_vegetasi,0.10390642428463048
0.0651,0.0947,0.1012,0.2205,0.27555,0.195,0.37084243,-0.3991117,0.11097671,0.13761607,0,2024,non_vegetasi,0.4566596470573696
0.0549,0.0836,0.0667,0.2708,0.2091,0.2025,0.60474074,-0.5282167,-0.12856846,-0.08295928,0,2024,non_vegetasi,0.18536715861939068
0.08875,0.0968,0.10525,0.1409,0.3012,0.29455,0.14483039,-0.18552798,0.36258766,0.27794373,0,2024,non_vegetasi,0.9317577169999917
0.07225,0.06505,0.0815,0.1101,0.1781,0.14195,0.14926931,-0.2572081,0.23594727,0.17479354,0,2024,non_vegetasi,0.4493631824353359
0.0628,0.0674,0.0876,0.1118,0.2002,0.1704,0.121364094,-0.24776785,0.28333336,0.2448097,0,2024,non_vegetasi,0.025544242498304448
0.1191,0.1464,0.149,0.2252,0.3432,0.32905,0.2036344,-0.21205595,0.20760028,0.17680813,0,2024,non_vegetasi,0.6809714741912255
0.16355,0.177,0.1479,0.424,0.24235,0.18745,0.4827767,-0.41098168,-0.2726045,-0.20177951,0,2024,non_vegetasi,0.4132707248835087
0.07145,0.09755,0.0902,0.309,0.22755,0.1659,0.5480962,-0.5201082,-0.15180317,-0.08980233,0,2024,non_vegetasi,0.6394293009919896
0.0625,0.1082,0.088,0.3416,0.3146,0.2012,0.5903166,-0.5188973,-0.041146006,-0.0018594404,0,2024,non_vegetasi,0.1102830271611499
0.14855,0.1607,0.14,0.3818,0.2384,0.18895,0.46339592,-0.4075576,-0.23121573,-0.1672077,0,2024,non_vegetasi,0.6639136128379919
0.23405,0.2437,0.22035,0.468,0.33665,0.2536,0.35977337,-0.31516087,-0.16323864,-0.1152059,0,2024,non_vegetasi,0.2712341262941186
0.0854,0.0828,0.0907,0.1508,0.1851,0.1506,0.2488613,-0.2910959,0.102113724,0.07734375,0,2024,non_vegetasi,0.6214178042361611
0.1354,0.1476,0.1258,0.4038,0.22045,0.1467,0.52492446,-0.4646355,-0.29371247,-0.21791181,0,2024,non_vegetasi,0.34782197317475605
0.2464,0.2154,0.2296,0.2298,0.2461,0.2178,4.3535783E-4,-0.032345027,0.034250878,-5.2527414E-4,0,2024,non_vegetasi,0.32290187651091484
0.0934,0.111,0.1352,0.1885,0.24145,0.19795,0.16465867,-0.2587646,0.12315384,0.14387669,0,2024,non_vegetasi,0.29967629567873166
0.0134,0.0247,0.0113,0.227,0.0915,0.0381,0.90516156,-0.8037346,-0.4254317,-0.4009324,1,2025,vegetasi,0.5265791966873159
0.0202,0.0436,0.0161,0.2998,0.1232,0.0536,0.898069,-0.7460687,-0.41749412,-0.39342478,1,2025,vegetasi,0.8004260444771405
0.0265,0.0573,0.02355,0.4198,0.1883,0.0814,0.8937634,-0.75979877,-0.38069397,-0.3562258,1,2025,vegetasi,0.9154627824197106
0.0224,0.03815,0.0173,0.289,0.11895,0.0499,0.8870388,-0.76677364,-0.41684029,-0.39126548,1,2025,vegetasi,0.9577227689013199
0.04045,0.0744,0.0268,0.498,0.19735,0.08575,0.89786583,-0.7400419,-0.43237218,-0.41214266,1,2025,vegetasi,0.9380295816404275
0.0197,0.0434,0.0173,0.3254,0.1302,0.05325,0.89903706,-0.76464206,-0.428446,-0.40113682,1,2025,vegetasi,0.69299528108615
0.0234,0.0536,0.0209,0.3896,0.1802,0.0738,0.898173,-0.75812274,-0.36749738,-0.34505782,1,2025,vegetasi,0.3351770669276183
0.0248,0.0492,0.0198,0.32,0.1249,0.0499,0.8834609,-0.7334778,-0.4385255,-0.40878448,1,2025,vegetasi,0.1332817668357279
0.02455,0.05435,0.02205,0.3828,0.13545,0.05845,0.8910708,-0.75134397,-0.4772793,-0.44232982,1,2025,vegetasi,0.8880079667221119
0.02005,0.0414,0.01715,0.2683,0.11865,0.0478,0.8798388,-0.7326445,-0.38674247,-0.3596605,1,2025,vegetasi,0.7473930019934697
0.0231,0.04805,0.02125,0.322,0.12435,0.05465,0.8761835,-0.74030536,-0.44281393,-0.40656206,1,2025,vegetasi,0.23402431298038018
0.05035,0.0694,0.0396,0.4054,0.20105,0.0903,0.8220225,-0.7076664,-0.336961,-0.30887422,1,2025,vegetasi,0.6896076840626365
0.0258,0.04235,0.01735,0.2935,0.154,0.0615,0.8883706,-0.74780405,-0.31173185,-0.3015388,1,2025,vegetasi,0.4328416703406922
0.028,0.0449,0.0223,0.356,0.1853,0.0694,0.88210416,-0.776004,-0.31535196,-0.29817447,1,2025,vegetasi,0.7031068203519558
0.02945,0.05125,0.025,0.367,0.15715,0.06445,0.872449,-0.7549313,-0.4003625,-0.3703768,1,2025,vegetasi,0.21252389119144532
0.0312,0.0401,0.01685,0.2784,0.12355,0.054,0.88585943,-0.74819463,-0.38524693,-0.37600002,1,2025,vegetasi,0.29249710871741696
0.0213,0.0474,0.0161,0.3208,0.1341,0.054,0.9044227,-0.74253124,-0.41041985,-0.38980296,1,2025,vegetasi,0.3112966123545492
0.0323,0.0626,0.0202,0.4828,0.164,0.0677,0.9196819,-0.77044374,-0.49288806,-0.47318748,1,2025,vegetasi,0.8746921809873583
0.0729,0.07995,0.0648,0.275,0.1541,0.1015,0.6185992,-0.54951406,-0.28175253,-0.22759351,1,2025,vegetasi,0.12601962320443538
0.0342,0.0572,0.028,0.426,0.1762,0.0725,0.876652,-0.76324505,-0.41481236,-0.38531005,1,2025,vegetasi,0.021134464761649818
0.0125,0.0214,0.0086,0.1936,0.08,0.031,0.9149357,-0.8009302,-0.41520467,-0.39871055,1,2025,vegetasi,0.6898592203443036
0.0209,0.0342,0.0162,0.2586,0.1006,0.0437,0.88209605,-0.7663934,-0.43986636,-0.41054758,1,2025,vegetasi,0.5318967035169812
0.0187,0.0353,0.0167,0.257,0.1501,0.061,0.8779686,-0.7584673,-0.26258907,-0.24610172,1,2025,vegetasi,0.25111878786165986
0.0269,0.0517,0.02335,0.378,0.1648,0.0656,0.8836427,-0.759367,-0.39277816,-0.3654835,1,2025,vegetasi,0.7698160793020206
0.02205,0.04625,0.01695,0.357,0.12535,0.04935,0.90934616,-0.77061373,-0.48025292,-0.45410952,1,2025,vegetasi,0.9884339227309628
0.02885,0.0517,0.0204,0.4142,0.1811,0.07745,0.9061206,-0.77806395,-0.3915673,-0.3747576,1,2025,vegetasi,0.7637586425591762
0.0361,0.0522,0.0262,0.3039,0.1514,0.07275,0.84126025,-0.70682395,-0.334944,-0.3137558,1,2025,vegetasi,0.9644336083306275
0.0195,0.0305,0.0117,0.2766,0.1231,0.045,0.91883457,-0.80136764,-0.38403803,-0.37433282,1,2025,vegetasi,0.46539640288204864
0.02525,0.0488,0.02115,0.3712,0.1581,0.06725,0.8921881,-0.7676191,-0.40260723,-0.37727985,1,2025,vegetasi,0.5824107956190535
0.0295,0.0574,0.0249,0.418,0.1323,0.0524,0.8875593,-0.7585192,-0.51917136,-0.48007277,1,2025,vegetasi,0.30581277234975845
0.0256,0.0414,0.019,0.3032,0.1706,0.0647,0.8820608,-0.7597214,-0.27986494,-0.26851854,1,2025,vegetasi,0.45889334562652917
0.022,0.0415,0.01625,0.3616,0.1314,0.0532,0.91398704,-0.79409575,-0.46693712,-0.44414118,1,2025,vegetasi,0.7610209841770186
0.0248,0.04365,0.0183,0.2967,0.1284,0.0499,0.8838095,-0.74349934,-0.39590687,-0.37334472,1,2025,vegetasi,0.04368576025463278
0.0261,0.0477,0.0208,0.31,0.1268,0.0514,0.8742443,-0.73329604,-0.41941392,-0.38970438,1,2025,vegetasi,0.9326697994373436
0.0218,0.0342,0.0131,0.2402,0.1129,0.0494,0.8965653,-0.75072885,-0.3605211,-0.35051548,1,2025,vegetasi,0.6387388323292044
0.0214,0.0414,0.0178,0.3124,0.1286,0.0557,0.8921866,-0.76596946,-0.41678005,-0.39025408,1,2025,vegetasi,0.7594723406831629
0.03085,0.0497,0.0241,0.3984,0.1512,0.0626,0.8859172,-0.7781745,-0.4497817,-0.42006454,1,2025,vegetasi,0.8440024991437641
0.019,0.036,0.0169,0.3112,0.1363,0.0594,0.8969826,-0.79262674,-0.390838,-0.3661564,1,2025,vegetasi,0.6969196909609674
0.0262,0.0458,0.0213,0.33,0.1244,0.0493,0.87873614,-0.75625336,-0.45246482,-0.4194063,1,2025,vegetasi,0.6205026253276824
0.03175,0.0608,0.0221,0.4478,0.15035,0.0638,0.90593743,-0.7609123,-0.49728328,-0.47101226,1,2025,vegetasi,0.7149978855116541
0.02575,0.0449,0.02125,0.348,0.1242,0.0508,0.8849018,-0.7714431,-0.4739517,-0.43971494,1,2025,vegetasi,0.8629077861409046
0.04945,0.0699,0.0371,0.461,0.1891,0.07925,0.8510339,-0.7366736,-0.41824335,-0.38586846,1,2025,vegetasi,0.5074869114721029
0.0272,0.046,0.0384,0.2942,0.1245,0.0596,0.769092,-0.72957087,-0.40530214,-0.3272765,1,2025,vegetasi,0.7201423791327517
0.02515,0.04215,0.02475,0.3143,0.15445,0.0719,0.85400385,-0.7635012,-0.34101334,-0.30897522,1,2025,vegetasi,0.24081609651578684
0.0301,0.0691,0.0298,0.3544,0.155,0.0776,0.8448725,-0.6736718,-0.39144093,-0.35078168,1,2025,vegetasi,0.48798132988797205
0.02495,0.0491,0.0213,0.3846,0.16,0.06555,0.895048,-0.7735762,-0.4124128,-0.3863079,1,2025,vegetasi,0.45301056376284443
0.0289,0.06665,0.02885,0.3354,0.16605,0.0674,0.8415923,-0.66844916,-0.33772057,-0.30293274,1,2025,vegetasi,0.4455150623728983
0.0272,0.0434,0.0199,0.2712,0.1225,0.0503,0.8632772,-0.7240941,-0.37769875,-0.35390198,1,2025,vegetasi,0.22839244761201216
0.0297,0.0608,0.026,0.3912,0.1587,0.0685,0.87535954,-0.7309734,-0.42280415,-0.39002642,1,2025,vegetasi,0.9895039446284599
0.0245,0.0468,0.0185,0.4312,0.1445,0.059,0.91772294,-0.8041841,-0.4980024,-0.4730887,1,2025,vegetasi,0.9821414150051745
0.02685,0.05945,0.02415,0.4172,0.157,0.0631,0.8905631,-0.7505507,-0.4531522,-0.42050543,1,2025,vegetasi,0.5748393517192788
0.0225,0.0438,0.019,0.39,0.1419,0.0584,0.9070905,-0.79806364,-0.46644104,-0.43878618,1,2025,vegetasi,0.1368180298359596
0.0245,0.0505,0.0211,0.4084,0.185,0.0781,0.9017462,-0.7799085,-0.37647456,-0.35492957,1,2025,vegetasi,0.4263470912295082
0.03535,0.0592,0.02585,0.3864,0.14095,0.05785,0.8745907,-0.73429084,-0.46544045,-0.43318328,1,2025,vegetasi,0.3415855066068456
0.022,0.048,0.0187,0.3756,0.1536,0.0627,0.9051484,-0.7733711,-0.41950113,-0.39533252,1,2025,vegetasi,0.6759769738046061
0.03735,0.0592,0.02435,0.3211,0.1682,0.07665,0.85902447,-0.6886668,-0.3124872,-0.30108893,1,2025,vegetasi,0.31246837341771005
0.0429,0.0793,0.04905,0.3826,0.24955,0.13595,0.77273256,-0.65663564,-0.21047221,-0.17525205,1,2025,vegetasi,0.422304827750943
0.0241,0.047,0.0196,0.3504,0.1378,0.059,0.89405406,-0.76346254,-0.4354773,-0.40815943,1,2025,vegetasi,0.5859592129935034
0.0231,0.0403,0.0187,0.3196,0.1478,0.0616,0.8894472,-0.7760489,-0.36756524,-0.34603298,1,2025,vegetasi,0.37505288319262053
0.031,0.0567,0.0295,0.3884,0.1859,0.0823,0.8588179,-0.7452258,-0.35260314,-0.32136104,1,2025,vegetasi,0.9791980474757377
0.0345,0.0644,0.0308,0.4084,0.1958,0.0789,0.85974497,-0.72758037,-0.35187024,-0.3230769,1,2025,vegetasi,0.3753381635198708
0.0303,0.0561,0.0273,0.364,0.1632,0.0664,0.8604651,-0.7329207,-0.3808801,-0.3484952,1,2025,vegetasi,0.10520076557790903
0.0282,0.0526,0.02585,0.3156,0.1466,0.0602,0.8485869,-0.71428573,-0.3656426,-0.33191288,1,2025,vegetasi,0.12433151359754613
0.0388,0.0781,0.0288,0.4628,0.1701,0.0722,0.8828316,-0.71122205,-0.46247432,-0.4321199,1,2025,vegetasi,0.7546547895805255
0.02395,0.05425,0.0226,0.3918,0.1246,0.05445,0.89092666,-0.75675374,-0.51742834,-0.47704056,1,2025,vegetasi,0.2886852526139879
0.029,0.0622,0.0258,0.3508,0.1741,0.075,0.8629846,-0.69878936,-0.33663556,-0.31033295,1,2025,vegetasi,0.03811005934738543
0.0215,0.0478,0.02,0.3608,0.1345,0.0541,0.89495796,-0.7660304,-0.45689481,-0.42436662,1,2025,vegetasi,0.38042864753181416
0.0216,0.0308,0.0135,0.2662,0.1411,0.0559,0.903468,-0.7925926,-0.3071446,-0.301085,1,2025,vegetasi,0.1135055161807369
0.0285,0.04705,0.0239,0.3634,0.16805,0.0716,0.8765815,-0.77073944,-0.36757925,-0.3424681,1,2025,vegetasi,0.1579539664758589
0.02295,0.04455,0.0176,0.3026,0.12535,0.0533,0.8900687,-0.7433386,-0.4141839,-0.38975453,1,2025,vegetasi,0.23722663786442966
0.04165,0.06385,0.04475,0.3174,0.15065,0.07775,0.75286484,-0.6650492,-0.3562654,-0.29515737,1,2025,vegetasi,0.9199257931450154
0.0262,0.0586,0.0267,0.3062,0.1739,0.077,0.83959144,-0.67872804,-0.2755676,-0.24727957,1,2025,vegetasi,0.6502475419856233
0.0273,0.0475,0.0225,0.3896,0.1777,0.0723,0.8908032,-0.78265846,-0.3735237,-0.35115865,1,2025,vegetasi,0.49291509076256823
0.0194,0.0394,0.0171,0.3668,0.1346,0.053,0.9109143,-0.8060069,-0.46310332,-0.43595466,1,2025,vegetasi,0.476477141143661
0.0277,0.044,0.0219,0.3768,0.124,0.0481,0.890143,-0.79087454,-0.50479233,-0.4698401,1,2025,vegetasi,0.4272493158048095
0.02285,0.04185,0.01955,0.3526,0.1634,0.06735,0.89493483,-0.7878058,-0.3666667,-0.34473497,1,2025,vegetasi,0.28592892363451117
0.02405,0.043,0.01555,0.2873,0.12945,0.05355,0.8973089,-0.73963064,-0.37876424,-0.36452284,1,2025,vegetasi,0.10167576003726131
0.0258,0.0522,0.0229,0.34,0.1242,0.0522,0.87379444,-0.7338093,-0.46488583,-0.4263989,1,2025,vegetasi,0.7065969792206214
0.02785,0.0674,0.0266,0.3734,0.186,0.0855,0.867,-0.69419235,-0.33500177,-0.30732262,1,2025,vegetasi,0.7216574260420343
0.0217,0.0479,0.019,0.3576,0.1452,0.061,0.8990972,-0.76374847,-0.42243436,-0.39576817,1,2025,vegetasi,0.9765820016466994
0.04355,0.0755,0.06205,0.3172,0.2374,0.1206,0.6727752,-0.61548257,-0.1438875,-0.09285066,1,2025,vegetasi,0.1286141745659266
0.022,0.0427,0.0198,0.2802,0.1026,0.0447,0.86800003,-0.73552185,-0.46394986,-0.42345738,1,2025,vegetasi,0.8946783391088216
0.0675,0.085,0.06055,0.3225,0.16855,0.0928,0.68385327,-0.5828221,-0.31351185,-0.2598934,1,2025,vegetasi,0.11685703473202058
0.0545,0.0828,0.0522,0.326,0.1682,0.0901,0.7239556,-0.59491193,-0.31930393,-0.2664337,1,2025,vegetasi,0.35414775776168583
0.0338,0.0554,0.04,0.3308,0.1877,0.0922,0.78425026,-0.71310204,-0.27598843,-0.23113286,1,2025,vegetasi,0.23546916709589572
0.0224,0.0488,0.0225,0.3584,0.1462,0.0662,0.88185877,-0.76031435,-0.4205311,-0.38598725,1,2025,vegetasi,0.15141813550776184
0.02415,0.0513,0.0213,0.4112,0.16525,0.06645,0.9015029,-0.7781622,-0.4266632,-0.4000643,1,2025,vegetasi,0.19151424234796022
0.027,0.0561,0.0301,0.324,0.1764,0.0804,0.8299915,-0.70481455,-0.29496402,-0.25919282,1,2025,vegetasi,0.6751375399254088
0.0286,0.0552,0.0288,0.3544,0.132,0.06,0.84968686,-0.73046875,-0.45723686,-0.4086061,1,2025,vegetasi,0.23598984831849967
0.0292,0.0562,0.035,0.3352,0.17755,0.07705,0.810913,-0.7128258,-0.30745977,-0.26319438,1,2025,vegetasi,0.5516686599480032
0.03715,0.07015,0.04485,0.3099,0.1885,0.09505,0.7471459,-0.63083804,-0.24357943,-0.19589935,1,2025,vegetasi,0.4866983759767044
0.0266,0.0436,0.018,0.332,0.1586,0.064,0.8971429,-0.7678381,-0.35344473,-0.34005976,1,2025,vegetasi,0.6165201653612067
0.0271,0.0513,0.0198,0.402,0.1569,0.0659,0.90611666,-0.7736598,-0.43853998,-0.41663915,1,2025,vegetasi,0.33544661317137126
0.0298,0.0572,0.0318,0.2438,0.1648,0.0792,0.7692308,-0.61993355,-0.19334312,-0.16376008,1,2025,vegetasi,0.295520954033328
0.02675,0.0543,0.0223,0.4748,0.20225,0.08305,0.91027963,-0.7947458,-0.4025552,-0.38149014,1,2025,vegetasi,0.24880623600772467
0.0165,0.0342,0.0176,0.2934,0.1218,0.04775,0.88681674,-0.7912088,-0.4132948,-0.37947917,1,2025,vegetasi,4.009752739706496E-4
0.0172,0.0334,0.0147,0.322,0.1223,0.0492,0.91268194,-0.8120428,-0.4494711,-0.4246115,1,2025,vegetasi,0.8938694302811552
0.03355,0.0643,0.04485,0.2475,0.21785,0.10905,0.693176,-0.5875561,-0.06371549,-0.033747137,1,2025,vegetasi,0.6362199415620435
0.0224,0.0473,0.0225,0.3692,0.1598,0.0679,0.88511616,-0.77286917,-0.3958412,-0.3646977,1,2025,vegetasi,0.13048413909852585
0.0232,0.0459,0.02055,0.3508,0.17325,0.07955,0.88932276,-0.76859087,-0.33880356,-0.31736526,1,2025,vegetasi,0.2529778727845807
0.0505,0.0798,0.05025,0.3304,0.2063,0.12815,0.73597795,-0.6109215,-0.23122784,-0.1950741,0,2025,non_vegetasi,0.1471896859263122
0.1044,0.1177,0.1462,0.2336,0.2476,0.2147,0.23012112,-0.32991746,0.029093929,0.07625034,0,2025,non_vegetasi,0.7081877907607894
0.05155,0.0745,0.06435,0.2174,0.2,0.1441,0.54321206,-0.48955122,-0.041686624,-0.008625532,0,2025,non_vegetasi,0.17118600481589763
0.134,0.1552,0.1676,0.349,0.371,0.2257,0.35114208,-0.38437128,0.030555535,0.05442442,0,2025,non_vegetasi,0.9001499613990801
0.126,0.1198,0.1288,0.2468,0.3562,0.3164,0.31416398,-0.34642664,0.1814262,0.13079973,0,2025,non_vegetasi,0.06638965179403455
0.072,0.1038,0.106,0.2816,0.21035,0.1604,0.45304438,-0.46133888,-0.14483178,-0.05560115,0,2025,non_vegetasi,0.6637492759902643
0.0534,0.0749,0.077,0.2688,0.1933,0.114,0.55465585,-0.56415474,-0.16338454,-0.087594934,0,2025,non_vegetasi,0.5004761092803585
0.0236,0.0445,0.0272,0.3168,0.2009,0.1279,0.8418605,-0.7536673,-0.22387482,-0.19753738,0,2025,non_vegetasi,0.04783600771502483
0.03565,0.05665,0.03505,0.296,0.1772,0.10515,0.7882495,-0.67871827,-0.25105664,-0.21952564,0,2025,non_vegetasi,0.8462500870201627
0.05945,0.0676,0.0756,0.1137,0.222,0.18465,0.20126785,-0.25427473,0.32260945,0.26436538,0,2025,non_vegetasi,0.16662527303708896
0.166,0.1631,0.1618,0.188,0.352,0.35425,0.074899934,-0.07091994,0.30370373,0.18414383,0,2025,non_vegetasi,0.2987018821029428
0.0536,0.0758,0.05175,0.3288,0.22905,0.14115,0.7280252,-0.62530893,-0.1788115,-0.15319662,0,2025,non_vegetasi,0.05736231501357303
0.0884,0.1082,0.112,0.2267,0.2338,0.16705,0.33864775,-0.35383695,0.015418027,0.04645182,0,2025,non_vegetasi,0.1902492135186633
0.0492,0.0712,0.062,0.2402,0.1845,0.1362,0.5896757,-0.54271036,-0.13115141,-0.08005226,0,2025,non_vegetasi,0.9789790489480861
0.0869,0.1096,0.1019,0.226,0.2265,0.15,0.37846905,-0.34684148,0.0011049911,0.024169657,0,2025,non_vegetasi,0.17704519831875065
0.0392,0.0825,0.0396,0.396,0.2314,0.1398,0.8181818,-0.6551724,-0.26235256,-0.23251204,0,2025,non_vegetasi,0.3714191906714317
0.0778,0.084,0.095,0.1378,0.172,0.1366,0.18384878,-0.24256085,0.110393845,0.10650645,0,2025,non_vegetasi,0.8980092321030785
0.104,0.1244,0.1825,0.2708,0.3212,0.27965,0.19479372,-0.37044534,0.08513517,0.1467274,0,2025,non_vegetasi,0.7318590249451057
0.0848,0.0918,0.1008,0.2043,0.2577,0.2359,0.33923304,-0.37993923,0.1155844,0.10716491,0,2025,non_vegetasi,0.5666589296685188
0.0619,0.07225,0.0811,0.129,0.2036,0.1751,0.22798663,-0.28198755,0.22429349,0.19722459,0,2025,non_vegetasi,0.3590220442648371
0.1094,0.1078,0.1282,0.1992,0.2399,0.2045,0.21686015,-0.2977199,0.09268957,0.087926686,0,2025,non_vegetasi,0.82792869615605
0.0636,0.0732,0.0754,0.2112,0.1868,0.144,0.47383112,-0.48523206,-0.06130652,-0.023463681,0,2025,non_vegetasi,0.39829712798208405
0.04345,0.06145,0.05935,0.257,0.2107,0.14385,0.6247827,-0.61406815,-0.09899507,-0.053286586,0,2025,non_vegetasi,0.28515454858387423
0.038,0.0638,0.0496,0.2762,0.2043,0.1212,0.69551873,-0.62470585,-0.14963579,-0.10614327,0,2025,non_vegetasi,0.6318051176644892
0.0774,0.07355,0.0848,0.1477,0.2365,0.22035,0.27053764,-0.33514124,0.23112962,0.1760615,0,2025,non_vegetasi,0.06990837507312875
0.1006,0.1094,0.1208,0.1598,0.2132,0.186,0.13898785,-0.1872214,0.14316356,0.12382237,0,2025,non_vegetasi,0.4392204853366628
0.1949,0.2002,0.2252,0.2368,0.35565,0.35095,0.025108231,-0.08375285,0.20060766,0.14730136,0,2025,non_vegetasi,0.18501932903767138
0.0874,0.1108,0.1118,0.1874,0.2593,0.2435,0.2526738,-0.2568746,0.16095813,0.14909428,0,2025,non_vegetasi,0.2935265366511083
0.09705,0.1189,0.1045,0.2502,0.2219,0.17465,0.41076967,-0.35573015,-0.05994493,-0.030950794,0,2025,non_vegetasi,0.01413449728763505
0.0693,0.075,0.0847,0.1392,0.2072,0.1649,0.24341223,-0.29971987,0.19630486,0.16666667,0,2025,non_vegetasi,0.35420592917083227
0.0386,0.0578,0.0634,0.1494,0.1788,0.1696,0.40413532,-0.44208494,0.089579545,0.12598792,0,2025,non_vegetasi,0.7654511799516728
0.0771,0.0982,0.0952,0.1788,0.2286,0.2,0.30510947,-0.29097474,0.12223857,0.11712954,0,2025,non_vegetasi,0.8131924643340205
0.063,0.0784,0.07705,0.2607,0.2324,0.17135,0.54374534,-0.5375995,-0.057391986,-0.022506496,0,2025,non_vegetasi,0.9966673864944615
0.02665,0.06465,0.0383,0.3083,0.2348,0.1287,0.77899593,-0.6533047,-0.13533418,-0.1017186,0,2025,non_vegetasi,0.48053446756413654
0.0352,0.0723,0.0394,0.2912,0.219,0.10875,0.7616455,-0.6022008,-0.14151315,-0.116279095,0,2025,non_vegetasi,0.6528115928589336
0.0882,0.109,0.09,0.1812,0.1904,0.1334,0.33628318,-0.24879394,0.024757823,0.020007288,0,2025,non_vegetasi,0.010731075914689914
0.06285,0.095,0.0866,0.3108,0.23825,0.1681,0.5641671,-0.53178906,-0.1321373,-0.069863975,0,2025,non_vegetasi,0.6718062933529119
0.0468,0.0749,0.0556,0.2276,0.2065,0.1502,0.6073446,-0.50479335,-0.048606314,-0.022926375,0,2025,non_vegetasi,0.7854120571649558
0.05865,0.06195,0.0616,0.1442,0.1752,0.1352,0.40136054,-0.39898133,0.09705699,0.07722053,0,2025,non_vegetasi,0.7741090138435524
0.0336,0.0643,0.04385,0.326,0.19675,0.11595,0.76287687,-0.6705099,-0.24725012,-0.19826725,0,2025,non_vegetasi,0.9493107343988175
0.06295,0.06955,0.0643,0.2286,0.197,0.14725,0.5609423,-0.5334563,-0.07424812,-0.054716468,0,2025,non_vegetasi,0.37275433843123806
0.0209,0.04725,0.0217,0.3802,0.1816,0.09035,0.89201295,-0.77892154,-0.35350657,-0.3272667,0,2025,non_vegetasi,0.8704005988349097
0.0805,0.08535,0.1385,0.2111,0.2821,0.2296,0.20766588,-0.4241862,0.14395782,0.1811289,0,2025,non_vegetasi,0.5624693748625744
0.1856,0.2023,0.2089,0.333,0.41115,0.39605,0.22900903,-0.24416216,0.10501915,0.08909675,0,2025,non_vegetasi,0.6231990692478907
0.0626,0.0746,0.0951,0.2004,0.2867,0.2576,0.35634518,-0.4574545,0.17717104,0.1842432,0,2025,non_vegetasi,0.04419007386451557
0.0845,0.09745,0.118,0.1541,0.2707,0.22855,0.13267182,-0.22520372,0.27448213,0.23927946,0,2025,non_vegetasi,0.006298712714509991
0.1052,0.1274,0.1366,0.2544,0.2629,0.2286,0.3012788,-0.33263493,0.016431432,0.052562222,0,2025,non_vegetasi,0.28552082757196084
0.0492,0.0646,0.0662,0.1976,0.3165,0.2961,0.49810463,-0.5072464,0.23127796,0.21588562,0,2025,non_vegetasi,0.5817077988405696
0.09225,0.09935,0.0898,0.2356,0.20655,0.1426,0.4480639,-0.40677714,-0.06570167,-0.050464578,0,2025,non_vegetasi,0.15452367345728946
0.1797,0.177,0.1753,0.1865,0.2057,0.18685,0.030956319,-0.026134793,0.04895461,0.019807277,0,2025,non_vegetasi,0.606783093063558
0.0461,0.0597,0.0706,0.1643,0.2124,0.17455,0.39889312,-0.46696427,0.12768784,0.1471423,0,2025,non_vegetasi,0.7553862421093688
0.1048,0.118,0.1184,0.1682,0.1891,0.1679,0.17376134,-0.17540182,0.05849425,0.059431516,0,2025,non_vegetasi,0.3383960239527821
0.10065,0.1022,0.0998,0.2396,0.20695,0.14985,0.41190338,-0.40198946,-0.07311613,-0.05177745,0,2025,non_vegetasi,0.5217766042348992
0.0955,0.1157,0.1024,0.2299,0.2514,0.2185,0.38368946,-0.33043984,0.044670667,0.041813884,0,2025,non_vegetasi,0.6312460627134507
0.1066,0.1016,0.1328,0.1454,0.1975,0.1699,0.045291174,-0.17732795,0.15193935,0.13446677,0,2025,non_vegetasi,0.9280417056585067
0.0585,0.06345,0.0731,0.1147,0.16825,0.1251,0.22151223,-0.2876789,0.18925604,0.16439512,0,2025,non_vegetasi,0.10053484146047409
0.072,0.1007,0.0924,0.2558,0.2103,0.1372,0.46927056,-0.43506312,-0.09761856,-0.039809685,0,2025,non_vegetasi,0.03941807791307761
0.0866,0.08455,0.10725,0.1546,0.20225,0.168,0.1808287,-0.29291236,0.13352951,0.12402399,0,2025,non_vegetasi,0.22952520282051192
0.0476,0.0596,0.0678,0.1522,0.1851,0.1591,0.38363636,-0.4372049,0.0975393,0.117296234,0,2025,non_vegetasi,0.007359050399878941
0.112,0.1216,0.1262,0.1946,0.2029,0.175,0.21321695,-0.23086654,0.020880518,0.035394065,0,2025,non_vegetasi,0.4177805623967419
0.025,0.0449,0.0316,0.2744,0.1514,0.0741,0.79346406,-0.7187598,-0.288868,-0.24129353,0,2025,non_vegetasi,0.7983415660656997
0.1234,0.1135,0.113,0.209,0.18655,0.14355,0.29813668,-0.29612404,-0.056756414,-0.051981967,0,2025,non_vegetasi,0.5668919596518713
0.1338,0.1365,0.1352,0.1721,0.2172,0.18155,0.1200781,-0.115359664,0.11584897,0.07063649,0,2025,non_vegetasi,0.8403512501009729
0.0569,0.0686,0.0652,0.2122,0.202,0.1547,0.5299207,-0.511396,-0.024625769,-0.0035427767,0,2025,non_vegetasi,0.2523615222171868
0.0359,0.0557,0.0523,0.2422,0.1874,0.1341,0.64482176,-0.626049,-0.12756053,-0.07415992,0,2025,non_vegetasi,0.40978413601217334
0.0616,0.068,0.0614,0.1836,0.1894,0.1483,0.49877548,-0.45945942,0.015549622,0.011290341,0,2025,non_vegetasi,0.3770098103002353
0.0883,0.09975,0.08225,0.2625,0.2082,0.1633,0.52284265,-0.44927534,-0.115360096,-0.09411305,0,2025,non_vegetasi,0.9632161590276597
0.0363,0.0667,0.04865,0.2711,0.2235,0.11375,0.69569975,-0.6050918,-0.09623942,-0.06082308,0,2025,non_vegetasi,0.0984795392832859
0.0624,0.0988,0.108,0.2536,0.243,0.1713,0.40265486,-0.43927354,-0.021345148,0.05247377,0,2025,non_vegetasi,0.9139699669857502
0.08405,0.09095,0.0848,0.2755,0.1749,0.1287,0.52928114,-0.5036158,-0.22335702,-0.16124345,0,2025,non_vegetasi,0.5987529505276153
0.1246,0.1367,0.1439,0.2482,0.2287,0.15455,0.26600355,-0.2896856,-0.04088908,-2.6830687E-4,0,2025,non_vegetasi,0.386252898538483
0.0249,0.048,0.0243,0.3772,0.119,0.0483,0.87895393,-0.7742239,-0.5203547,-0.47451413,0,2025,non_vegetasi,0.02979956040164189
0.0584,0.0616,0.0742,0.137,0.2055,0.1518,0.2973485,-0.3796576,0.20000003,0.17743635,0,2025,non_vegetasi,0.7008403978045502
0.029,0.0578,0.0306,0.3878,0.19845,0.09395,0.8537285,-0.74057454,-0.32298508,-0.2907022,0,2025,non_vegetasi,0.5859942845264813
0.0535,0.0822,0.06,0.3708,0.2205,0.1457,0.7214485,-0.6370861,-0.25418568,-0.20402949,0,2025,non_vegetasi,0.027885499859436225
0.0576,0.0664,0.0844,0.1742,0.2505,0.2091,0.34725446,-0.44804657,0.17965622,0.18193047,0,2025,non_vegetasi,0.5695694360202356
0.2246,0.2029,0.1612,0.4154,0.31005,0.22255,0.4408602,-0.3436843,-0.14522019,-0.151856,0,2025,non_vegetasi,0.4453910580796693
0.05725,0.0705,0.116,0.2714,0.17285,0.1118,0.4011358,-0.58759874,-0.22183457,-0.06445346,0,2025,non_vegetasi,0.3572982739159448
0.0601,0.101,0.1208,0.2214,0.246,0.1894,0.2939801,-0.37344912,0.05263161,0.13157491,0,2025,non_vegetasi,0.31415347094595114
0.2481,0.245,0.2577,0.3145,0.26755,0.2431,0.09926601,-0.12421805,-0.0806632,-0.03433379,0,2025,non_vegetasi,0.33984295924900854
0.2138,0.144,0.139,0.2312,0.3259,0.2794,0.24905457,-0.23240939,0.16998743,0.02187053,0,2025,non_vegetasi,0.8894617627406204
0.0556,0.0564,0.074,0.104,0.1876,0.146,0.16853933,-0.29675812,0.2866941,0.24216524,0,2025,non_vegetasi,0.41068320805946645
0.129,0.1566,0.1648,0.271,0.2383,0.1922,0.24368976,-0.26753977,-0.06420578,0.003860052,0,2025,non_vegetasi,0.4122594350634625
0.06145,0.073,0.1258,0.1892,0.20495,0.1806,0.20126985,-0.44317314,0.03995942,0.1377709,0,2025,non_vegetasi,0.6513061128171501
0.0752,0.08435,0.0926,0.1387,0.22815,0.2076,0.19930822,-0.24366733,0.24383265,0.19985038,0,2025,non_vegetasi,0.23237019545513427
0.0759,0.0836,0.1111,0.1792,0.2284,0.20215,0.23458488,-0.36377472,0.12070661,0.14194418,0,2025,non_vegetasi,0.8826958749333006
0.0678,0.0751,0.0961,0.1354,0.2482,0.2208,0.1697624,-0.28646082,0.29405633,0.2577169,0,2025,non_vegetasi,0.2499947909200415
0.10625,0.1114,0.1295,0.1497,0.23855,0.23235,0.07234956,-0.14668709,0.2288474,0.17964745,0,2025,non_vegetasi,0.9700556808490463
0.1168,0.1006,0.108,0.1502,0.2111,0.1865,0.16343917,-0.19776714,0.168558,0.08889268,0,2025,non_vegetasi,0.009623468249314704
0.0636,0.0675,0.07385,0.1472,0.16495,0.12705,0.3318254,-0.37121564,0.05686367,0.062277555,0,2025,non_vegetasi,0.03466121065067085
0.1178,0.1344,0.1354,0.2952,0.2465,0.1548,0.37111008,-0.37430167,-0.08990214,-0.039124407,0,2025,non_vegetasi,0.9934688626960697
0.0741,0.1018,0.0808,0.2452,0.1734,0.1049,0.50429446,-0.41325647,-0.17152412,-0.113513514,0,2025,non_vegetasi,0.8234273309219151
0.0783,0.07405,0.0687,0.1875,0.19685,0.1621,0.46370023,-0.43376026,0.02432679,-4.704936E-4,0,2025,non_vegetasi,0.5132107364226278
0.0731,0.0803,0.07215,0.1693,0.18205,0.1519,0.40236077,-0.3565705,0.0362886,0.023761576,0,2025,non_vegetasi,0.8161022457004179
0.436,0.4452,0.4308,0.6712,0.5438,0.5095,0.21814881,-0.20243639,-0.104855955,-0.06369487,0,2025,non_vegetasi,0.7234713699958784
0.15125,0.1674,0.14525,0.3706,0.2584,0.19845,0.4368518,-0.37769514,-0.17837837,-0.12771475,0,2025,non_vegetasi,0.4862393498624359
0.088,0.1248,0.1122,0.3508,0.2158,0.1593,0.5153348,-0.47518924,-0.23826332,-0.14449662,0,2025,non_vegetasi,0.4421416859337586
0.1152,0.1294,0.1208,0.201,0.2389,0.1854,0.24922311,-0.21670704,0.08615594,0.064358644,0,2025,non_vegetasi,0.17657355020544407
0.1434,0.1462,0.145,0.2544,0.261,0.2032,0.2739109,-0.27009487,0.012805573,0.01020153,0,2025,non_vegetasi,0.1397213386267414
0.0961,0.1118,0.109,0.2062,0.2346,0.186,0.30837566,-0.29685536,0.064428285,0.06394176,0,2025,non_vegetasi,0.9058001135139236
